City_ID,City,Country,Date,Lat,Lng,Max Temp,Humidity,Cloudiness,Wind Speed
0,Ushuaia,AR,2022-04-29 01:25:11,-54.8,-68.3,40.66,81,40,21.85
1,Swift Current,CA,2022-04-29 01:24:49,50.2834,-107.8014,56.21,28,0,10.36
2,Barrow,US,2022-04-29 01:25:12,71.2906,-156.7887,8.62,78,100,19.57
3,San Patricio,US,2022-04-29 01:23:58,28.017,-97.5169,77.9,77,30,14.65
4,Port Alfred,ZA,2022-04-29 01:15:52,-33.5906,26.891,66.34,53,4,8.43
5,Faya,SA,2022-04-29 01:25:13,18.3851,42.4509,57.31,60,0,5.06
6,Noumea,NC,2022-04-29 01:21:10,-22.2763,166.4572,75.99,99,100,19.84
7,East London,ZA,2022-04-29 01:14:34,-33.0153,27.9116,68.14,45,0,8.93
8,Bethel,US,2022-04-29 01:13:59,41.3712,-73.414,48.49,35,0,9.22
9,Nelson Bay,AU,2022-04-29 01:15:51,-32.7167,152.15,75.09,78,94,1.23
10,Bari,IT,2022-04-29 01:25:14,41.1177,16.8512,56.88,74,0,9.22
11,Tautira,PF,2022-04-29 01:15:42,-17.7333,-149.15,80.37,74,25,22.17
12,Yellowknife,CA,2022-04-29 01:25:14,62.456,-114.3525,35.56,64,20,19.57
13,Kodiak,US,2022-04-29 01:18:25,57.79,-152.4072,44.11,70,100,20.71
14,Manokwari,ID,2022-04-29 01:25:15,-0.8667,134.0833,82.89,69,96,2.17
15,Rikitea,PF,2022-04-29 01:25:15,-23.1203,-134.9692,77.11,67,0,18.37
16,Hobart,AU,2022-04-29 01:21:58,-42.8794,147.3294,71.26,74,75,11.5
17,Punta Arenas,CL,2022-04-29 01:22:31,-53.15,-70.9167,42.91,75,75,26.46
18,Provideniya,RU,2022-04-29 01:25:16,64.3833,-173.3,30.36,86,100,20.13
19,Butaritari,KI,2022-04-29 01:19:59,3.0707,172.7902,82.09,77,100,16.15
20,Geraldton,AU,2022-04-29 01:25:17,-28.7667,114.6,63.01,67,0,12.66
21,Fairbanks,US,2022-04-29 01:19:52,64.8378,-147.7164,53.56,34,0,6.91
22,Dikson,RU,2022-04-29 01:20:02,73.5069,80.5464,8.37,89,22,20.74
23,Qaanaaq,GL,2022-04-29 01:25:18,77.484,-69.3632,20.88,91,94,8.01
24,Goderich,CA,2022-04-29 01:25:18,43.7501,-81.7165,36.91,69,5,5.75
25,Jadu,LY,2022-04-29 01:25:19,31.953,12.0261,54.57,65,91,7.72
26,Pareora,NZ,2022-04-29 01:25:19,-44.4871,171.2132,59.18,81,0,8.59
27,Ilulissat,GL,2022-04-29 01:19:54,69.2167,-51.1,26.62,93,75,0.0
28,Hasaki,JP,2022-04-29 01:18:39,35.7333,140.8333,61.29,78,100,16.46
29,Samarai,PG,2022-04-29 01:23:14,-10.6167,150.6667,85.21,67,10,8.97
30,Mataura,NZ,2022-04-29 01:25:20,-46.1927,168.8643,58.48,65,3,0.72
31,Mananjary,MG,2022-04-29 01:25:20,-21.2167,48.3333,69.75,86,100,8.86
32,Kapaa,US,2022-04-29 01:25:21,22.0752,-159.319,77.11,83,100,12.66
33,Shirokiy,RU,2022-04-29 01:25:21,49.758,129.523,50.29,36,90,12.44
34,Tuktoyaktuk,CA,2022-04-29 01:15:39,69.4541,-133.0374,12.2,85,75,14.97
35,Tiarei,PF,2022-04-29 01:25:22,-17.5333,-149.3333,87.82,74,6,22.46
36,Georgetown,MY,2022-04-29 01:25:23,5.4112,100.3354,84.13,88,20,3.44
37,Zyryanka,RU,2022-04-29 01:25:23,65.75,150.85,21.69,85,100,11.97
38,Chuy,UY,2022-04-29 01:25:24,-33.6971,-53.4616,50.67,65,0,9.55
39,San Quintin,MX,2022-04-29 01:18:10,30.4833,-115.95,60.12,67,0,23.6
40,Yumen,CN,2022-04-29 01:23:52,40.2833,97.2,43.59,57,100,12.86
41,Svilajnac,RS,2022-04-29 01:25:24,44.2337,21.1967,48.99,91,94,5.12
42,Puerto Ayora,EC,2022-04-29 01:17:04,-0.7393,-90.3518,71.94,89,3,8.01
43,Hermanus,ZA,2022-04-29 01:25:25,-34.4187,19.2345,60.19,91,100,5.86
44,Mendoza,AR,2022-04-29 01:26:11,-32.8908,-68.8272,47.73,46,0,3.44
45,Husavik,IS,2022-04-29 01:26:26,66.0449,-17.3389,42.66,65,8,4.97
46,Hithadhoo,MV,2022-04-29 01:17:17,-0.6,73.0833,84.74,65,34,5.06
47,New Norfolk,AU,2022-04-29 01:21:14,-42.7826,147.0587,70.92,79,100,1.01
48,Souillac,MU,2022-04-29 01:26:27,-20.5167,57.5167,71.98,94,20,4.61
49,Lichuan,CN,2022-04-29 01:26:27,30.3,108.85,56.95,85,99,4.21
50,Tasiilaq,GL,2022-04-29 01:26:28,65.6145,-37.6368,30.36,85,39,5.5
51,Thompson,CA,2022-04-29 01:26:28,55.7435,-97.8558,44.76,42,75,2.3
52,Pinillos,CO,2022-04-29 01:26:29,8.9193,-74.4677,75.49,97,100,2.51
53,Necochea,AR,2022-04-29 01:24:16,-38.5473,-58.7368,49.3,55,99,13.76
54,Busselton,AU,2022-04-29 01:24:04,-33.65,115.3333,60.17,65,3,3.49
55,Ambulu,ID,2022-04-29 01:26:30,-8.345,113.6058,81.23,74,48,1.92
56,Pevek,RU,2022-04-29 01:26:30,69.7008,170.3133,28.17,94,100,8.72
57,Malpura,IN,2022-04-29 01:26:31,26.2833,75.3833,85.86,16,0,11.16
58,Vagur,FO,2022-04-29 01:26:31,61.4732,-6.8119,44.08,77,10,3.18
59,Nome,US,2022-04-29 01:26:32,64.5011,-165.4064,41.07,75,100,14.97
60,Caxito,AO,2022-04-29 01:26:32,-8.5785,13.6643,73.99,99,98,3.15
61,Victoria,HK,2022-04-29 01:20:43,22.2855,114.1577,87.96,80,85,8.99
62,Ancud,CL,2022-04-29 01:26:33,-41.8697,-73.8203,43.88,85,18,3.91
63,Amapa,BR,2022-04-29 01:26:33,1.0,-52.0,72.86,99,100,2.71
64,Bathsheba,BB,2022-04-29 01:26:34,13.2167,-59.5167,79.41,83,40,12.66
65,Yaan,NG,2022-04-29 01:26:34,7.3833,8.5667,76.96,77,100,2.46
66,Cockburn Town,TC,2022-04-29 01:17:01,21.4612,-71.1419,75.63,58,12,13.58
67,Port Elizabeth,ZA,2022-04-29 01:25:38,-33.918,25.5701,61.32,71,0,2.3
68,Atuona,PF,2022-04-29 01:26:35,-9.8,-139.0333,79.23,75,44,20.09
69,Marzuq,YE,2022-04-29 01:23:47,14.4,46.4667,69.78,50,9,4.05
70,Bluff,NZ,2022-04-29 01:26:36,-46.6,168.3333,58.8,71,9,4.38
71,Komsomolskiy,UZ,2022-04-29 01:26:36,40.4272,71.7189,63.32,67,100,4.61
72,Durban,ZA,2022-04-29 01:23:00,-29.8579,31.0292,65.01,67,0,1.99
73,Tiksi,RU,2022-04-29 01:26:37,71.6872,128.8694,16.92,84,72,7.34
74,Iqaluit,CA,2022-04-29 01:18:33,63.7506,-68.5145,6.53,72,40,4.61
75,Arraial Do Cabo,BR,2022-04-29 01:17:05,-22.9661,-42.0278,75.6,87,2,19.46
76,Digby,CA,2022-04-29 01:26:38,44.6169,-65.7655,38.59,96,100,17.69
77,Katsuura,JP,2022-04-29 01:26:38,35.1333,140.3,59.02,87,100,15.61
78,Winton,US,2022-04-29 01:26:38,37.3894,-120.6133,68.99,38,0,14.7
79,Sola,VU,2022-04-29 01:26:39,-13.8833,167.55,81.41,73,100,6.51
80,Longyearbyen,SJ,2022-04-29 01:26:39,78.2186,15.6401,6.64,61,20,17.27
81,Bredasdorp,ZA,2022-04-29 01:26:40,-34.5322,20.0403,56.41,95,100,5.79
82,Sabya,SA,2022-04-29 01:26:40,17.1495,42.6254,87.42,66,2,1.28
83,Vaini,TO,2022-04-29 01:26:41,-21.2,-175.2,82.56,61,75,12.66
84,Nouadhibou,MR,2022-04-29 01:23:58,20.931,-17.0347,64.38,82,60,17.27
85,Beloha,MG,2022-04-29 01:20:00,-25.1667,45.05,64.06,71,1,10.18
86,Kohima,IN,2022-04-29 01:26:41,25.6667,94.1167,73.0,45,0,1.5
87,Brainerd,US,2022-04-29 01:26:42,46.358,-94.2008,46.69,57,100,6.91
88,Castro,BR,2022-04-29 01:17:06,-24.7911,-50.0119,62.53,91,100,4.07
89,Otofuke,JP,2022-04-29 01:26:42,42.9917,143.2003,56.35,30,100,11.65
90,Cherskiy,RU,2022-04-29 01:26:43,68.75,161.3,20.68,90,99,10.96
91,Tazovskiy,RU,2022-04-29 01:27:43,67.4667,78.7,17.58,90,100,7.52
92,Aklavik,CA,2022-04-29 01:27:44,68.2191,-135.0107,24.31,81,100,11.03
93,Torbat-E Jam,IR,2022-04-29 01:27:44,35.244,60.6225,68.63,38,91,6.91
94,Raudeberg,NO,2022-04-29 01:27:45,61.9875,5.1352,41.67,85,100,3.74
95,Edgewater,US,2022-04-29 01:27:45,28.9889,-80.9023,73.49,56,75,14.97
96,Hilo,US,2022-04-29 01:15:27,19.7297,-155.09,81.28,73,0,12.66
97,Kruisfontein,ZA,2022-04-29 01:27:46,-34.0033,24.7314,60.98,47,7,8.39
98,Fare,PF,2022-04-29 01:23:14,-16.7,-151.0167,81.93,70,0,22.73
99,Libreville,GA,2022-04-29 01:27:47,0.3925,9.4537,78.91,82,100,3.47
100,Itarema,BR,2022-04-29 01:27:47,-2.9248,-39.9167,76.41,90,12,7.58
101,Mezen,RU,2022-04-29 01:27:48,65.8522,44.24,26.29,93,100,8.28
102,Tilichiki,RU,2022-04-29 01:27:48,60.4667,166.1,32.05,98,96,8.05
103,Narsaq,GL,2022-04-29 01:24:07,60.9167,-46.05,43.02,83,100,0.87
104,Pasaje,EC,2022-04-29 01:27:49,-3.3333,-79.8167,74.98,91,99,0.51
105,Gao,ML,2022-04-29 01:27:49,16.6362,1.637,82.6,7,98,9.31
106,Sri Aman,MY,2022-04-29 01:27:50,1.2376,111.4621,80.65,89,20,4.61
107,Avarua,CK,2022-04-29 01:27:12,-21.2078,-159.775,80.65,83,75,11.5
108,Bismarck,US,2022-04-29 01:25:05,46.8083,-100.7837,57.04,55,0,13.8
109,Nikolskoye,RU,2022-04-29 01:22:32,59.7035,30.7861,35.8,87,100,8.41
110,Vao,NC,2022-04-29 01:27:50,-22.6667,167.4833,74.86,71,100,21.18
111,Minab,IR,2022-04-29 01:27:51,27.1467,57.0801,71.92,60,45,0.0
112,Kortkeros,RU,2022-04-29 01:27:52,61.8106,51.5806,21.2,80,13,3.74
113,Faanui,PF,2022-04-29 01:27:52,-16.4833,-151.75,81.9,72,0,23.15
114,Middletown,US,2022-04-29 01:27:53,39.5151,-84.3983,57.97,50,100,8.05
115,Urengoy,RU,2022-04-29 01:27:53,65.9667,78.3667,21.78,87,100,11.25
116,Zlynka,RU,2022-04-29 01:27:54,52.4267,31.7378,37.62,81,13,3.22
117,Norman Wells,CA,2022-04-29 01:17:46,65.282,-126.8329,41.04,52,75,11.5
118,Lingig,PH,2022-04-29 01:27:54,8.0389,126.4125,77.67,88,100,2.84
119,Dudinka,RU,2022-04-29 01:27:55,69.4058,86.1778,15.62,93,100,6.6
120,Bereda,ES,2022-04-29 01:27:55,43.2686,-7.5406,46.58,100,42,1.45
121,Miraflores,MX,2022-04-29 01:27:56,19.2167,-98.8083,70.45,51,83,1.79
122,Port Blair,IN,2022-04-29 01:27:57,11.6667,92.75,82.44,89,75,0.0
123,Albany,US,2022-04-29 01:23:02,42.6001,-73.9662,45.34,31,0,5.01
124,Muros,ES,2022-04-29 01:27:57,42.7762,-9.0603,55.09,84,42,9.1
125,Yulara,AU,2022-04-29 01:27:58,-25.2406,130.9889,75.04,38,100,14.97
126,Bihoro,JP,2022-04-29 01:27:58,43.8228,144.1044,53.62,35,75,11.5
127,Carnarvon,AU,2022-04-29 01:24:23,-24.8667,113.6333,69.87,56,0,18.41
128,Bubaque,GW,2022-04-29 01:27:59,11.2833,-15.8333,77.14,74,97,16.62
129,Srednekolymsk,RU,2022-04-29 01:27:59,67.45,153.6833,21.83,83,98,7.23
130,Kirensk,RU,2022-04-29 01:28:00,57.7853,108.1119,39.31,72,63,6.46
131,Hervey Bay,AU,2022-04-29 01:28:00,-25.2986,152.8535,77.02,81,97,5.01
132,Chara,RU,2022-04-29 01:28:01,56.9064,118.2631,28.71,60,100,3.11
133,Yarada,IN,2022-04-29 01:28:01,17.65,83.2667,82.72,83,20,2.3
134,Najran,SA,2022-04-29 01:28:02,17.4924,44.1277,63.25,51,0,1.59
135,Jamestown,US,2022-04-29 01:27:04,42.097,-79.2353,38.84,52,0,5.75
136,Ribeira Grande,PT,2022-04-29 01:18:38,38.5167,-28.7,62.55,90,100,18.59
137,Guerrero Negro,MX,2022-04-29 01:21:18,27.9769,-114.0611,62.15,68,0,21.56
138,Bonavista,CA,2022-04-29 01:29:03,48.6499,-53.1147,36.41,96,100,10.13
139,Kaitangata,NZ,2022-04-29 01:29:03,-46.2817,169.8464,55.22,69,0,2.8
140,Namibe,AO,2022-04-29 01:29:04,-15.1961,12.1522,73.13,70,4,3.44
141,Sitka,US,2022-04-29 01:25:46,57.0531,-135.33,51.69,62,40,8.05
142,Ginda,IN,2022-04-29 01:29:04,30.6945,78.4932,63.5,30,5,8.14
143,Bambous Virieux,MU,2022-04-29 01:29:05,-20.3428,57.7575,74.21,94,20,4.61
144,Siavonga,ZM,2022-04-29 01:29:05,-16.5382,28.7088,67.89,71,84,4.29
145,Acapulco,MX,2022-04-29 01:22:43,16.8634,-99.8901,82.22,78,0,3.44
146,Torbay,CA,2022-04-29 01:24:25,47.6666,-52.7314,36.88,95,100,4.61
147,Olinda,BR,2022-04-29 01:29:06,-8.0089,-34.8553,82.13,69,75,12.66
148,San Vicente,AR,2022-04-29 01:21:22,-26.6167,-54.1333,65.25,99,90,3.31
149,Vardo,NO,2022-04-29 01:25:46,70.3705,31.1107,26.31,61,100,25.03
150,Beyneu,KZ,2022-04-29 01:29:07,45.3167,55.2,66.69,34,59,6.06
151,Cape Town,ZA,2022-04-29 01:24:43,-33.9258,18.4232,61.21,87,75,6.91
152,Laguna,US,2022-04-29 01:29:08,38.421,-121.4238,72.75,45,0,14.97
153,Ponta Do Sol,PT,2022-04-29 01:29:09,32.6667,-17.1,64.71,82,100,4.47
154,Boa Vista,BR,2022-04-29 01:29:10,2.8197,-60.6733,78.78,89,75,4.61
155,Mayo,US,2022-04-29 01:29:10,38.8876,-76.5119,54.48,48,0,6.91
156,Jinchang,CN,2022-04-29 01:29:11,38.4953,102.1739,48.04,32,100,23.06
157,Kushmurun,KZ,2022-04-29 01:29:11,52.4503,64.6311,55.29,54,99,8.81
158,Pisco,PE,2022-04-29 01:29:12,-13.7,-76.2167,65.01,88,0,5.75
159,Khatanga,RU,2022-04-29 01:27:10,71.9667,102.5,15.93,92,90,3.98
160,Varhaug,NO,2022-04-29 01:29:13,58.6147,5.6457,42.48,88,35,13.4
161,Byron Bay,AU,2022-04-29 01:29:13,-28.65,153.6167,74.95,83,54,4.41
162,Belaya Gora,RU,2022-04-29 01:29:14,68.5333,146.4167,16.83,81,99,3.78
163,Bahia Honda,CU,2022-04-29 01:29:14,22.9036,-83.1592,75.76,66,2,9.33
164,Poli,TZ,2022-04-29 01:29:15,-3.3333,36.8,59.76,97,100,3.98
165,Dabat,ET,2022-04-29 01:29:15,12.9842,37.765,58.71,14,0,3.78
166,Opuwo,NA,2022-04-29 01:29:16,-18.0607,13.84,72.99,38,93,2.1
167,Lorengau,PG,2022-04-29 01:27:09,-2.0226,147.2712,85.48,67,91,2.01
168,Imbituba,BR,2022-04-29 01:29:16,-28.24,-48.6703,72.86,94,100,10.49
169,Pijijiapan,MX,2022-04-29 01:29:17,15.7011,-93.23,79.68,82,2,0.94
170,Gogrial,SS,2022-04-29 01:29:17,8.5332,28.1004,81.18,60,100,5.84
171,Saint-Philippe,RE,2022-04-29 01:23:52,-21.3585,55.7679,74.21,81,41,12.48
172,Mecca,SA,2022-04-29 01:29:18,21.4267,39.8261,81.79,47,0,0.96
173,Taksimo,RU,2022-04-29 01:29:19,56.3444,114.8794,35.22,60,100,3.8
174,Homagama,LK,2022-04-29 01:29:19,6.844,80.0024,76.75,89,100,3.8
175,Talnakh,RU,2022-04-29 01:29:20,69.4865,88.3972,15.21,81,100,3.04
176,Flinders,AU,2022-04-29 01:29:20,-34.5833,150.8552,78.39,68,52,5.99
177,Grand Gaube,MU,2022-04-29 01:30:20,-20.0064,57.6608,74.37,79,10,1.99
178,Linqing,CN,2022-04-29 01:30:21,36.8456,115.7117,58.21,51,100,5.35
179,Lethem,GY,2022-04-29 01:30:21,3.3803,-59.7968,78.98,77,100,7.38
180,Lamesa,US,2022-04-29 01:30:22,32.7376,-101.951,87.53,22,23,15.86
181,Thana,PK,2022-04-29 01:30:22,34.6369,72.0739,78.22,34,12,4.92
182,Dongkan,CN,2022-04-29 01:30:23,33.9997,119.8308,58.84,60,41,10.04
183,Maloh,PH,2022-04-29 01:30:23,9.056,122.9851,86.11,74,36,11.97
184,Constitucion,CL,2022-04-29 01:30:26,-35.3333,-72.4167,49.71,70,4,7.18
185,Kahului,US,2022-04-29 01:30:27,20.8947,-156.47,87.82,60,40,18.41
186,Lilongwe,MW,2022-04-29 01:30:28,-13.9669,33.7873,58.5,87,76,5.86
187,Xinzhou,CN,2022-04-29 01:30:28,38.4092,112.7333,60.1,42,100,4.92
188,Airai,TL,2022-04-29 01:30:29,-8.9266,125.4092,74.7,45,82,2.15
189,Praya,CV,2022-04-29 01:30:29,14.9215,-23.5087,70.34,73,20,16.11
190,Upernavik,GL,2022-04-29 01:30:04,72.7868,-56.1549,13.82,93,100,5.14
191,Erenhot,CN,2022-04-29 01:30:30,43.6475,111.9767,43.81,24,26,19.98
192,Svetlogorsk,BY,2022-04-29 01:30:30,52.6333,29.7333,36.27,81,12,1.74
193,Verkh-Usugli,RU,2022-04-29 01:30:31,52.7,115.1667,38.7,37,100,12.62
194,Zonhoven,BE,2022-04-29 01:30:31,50.9914,5.3709,48.85,79,100,1.01
195,Las Vegas,US,2022-04-29 01:26:21,36.175,-115.1372,84.27,9,0,31.07
196,Carbonia,IT,2022-04-29 01:30:32,39.1672,8.5222,57.0,68,99,5.26
197,Luderitz,NA,2022-04-29 01:30:32,-26.6481,15.1594,58.89,76,15,9.78
198,Roswell,US,2022-04-29 01:30:33,34.0232,-84.3616,69.58,52,0,3.44
199,Skjervoy,NO,2022-04-29 01:21:14,70.0311,20.9714,32.56,63,100,30.53
200,Yuli,NG,2022-04-29 01:30:33,9.6989,10.2744,80.58,63,100,6.67
201,Sao Filipe,CV,2022-04-29 01:30:34,14.8961,-24.4956,71.4,73,5,8.39
202,Mount Gambier,AU,2022-04-29 01:30:34,-37.8333,140.7667,66.11,72,75,12.66
203,Saldanha,ZA,2022-04-29 01:30:35,-33.0117,17.9442,59.05,86,37,9.28
204,Sangar,RU,2022-04-29 01:30:35,63.9242,127.4739,29.77,76,16,4.18
205,Shizunai,JP,2022-04-29 01:30:36,42.3339,142.3669,47.97,46,100,7.87
206,Kieta,PG,2022-04-29 01:30:36,-6.2167,155.6333,86.58,59,99,4.21
207,Abong Mbang,CM,2022-04-29 01:30:37,3.9833,13.1833,67.78,98,100,2.01
208,Ginir,ET,2022-04-29 01:30:37,7.1333,40.7,57.63,84,97,3.49
209,Bukama,CD,2022-04-29 01:24:08,-9.2,25.85,65.62,95,7,2.17
210,Saint Anthony,US,2022-04-29 01:30:38,45.0205,-93.218,51.69,63,100,14.97
211,Jalu,LY,2022-04-29 01:22:46,29.0331,21.5482,75.92,13,0,4.29
212,Aswan,EG,2022-04-29 01:30:39,24.0934,32.907,81.93,12,0,7.45
213,Poum,NC,2022-04-29 01:21:23,-20.2333,164.0167,75.67,79,100,12.59
214,Sioux Lookout,CA,2022-04-29 01:30:39,50.1001,-91.917,44.67,21,75,4.61
215,Nadym,RU,2022-04-29 01:30:39,65.5333,72.5167,22.98,94,100,11.59
216,Pahrump,US,2022-04-29 01:29:08,36.2083,-115.9839,79.45,10,0,11.99
217,Sambava,MG,2022-04-29 01:30:40,-14.2667,50.1667,73.58,86,53,10.89
218,Sao Jose Da Coroa Grande,BR,2022-04-29 01:30:40,-8.8978,-35.1478,77.97,77,98,8.97
219,Wuan,CN,2022-04-29 01:30:41,31.6836,112.0044,57.42,69,96,5.48
220,Puerto Carreno,CO,2022-04-29 01:30:11,6.189,-67.4859,79.56,81,100,6.26
221,Madang,PG,2022-04-29 01:27:35,-5.2246,145.7966,87.06,64,100,0.4
222,Schattdorf,CH,2022-04-29 01:30:42,46.8655,8.6547,46.71,72,2,7.05
223,Naze,JP,2022-04-29 01:30:42,28.3667,129.4833,77.92,87,54,20.92
224,Harper,LR,2022-04-29 01:31:43,4.375,-7.7169,79.18,81,93,2.15
225,Evansville,US,2022-04-29 01:26:50,37.9748,-87.5558,68.0,49,40,6.91
226,Pangnirtung,CA,2022-04-29 01:31:43,66.1451,-65.7125,17.1,83,100,8.68
227,College,US,2022-04-29 01:28:12,64.8569,-147.8028,53.55,33,75,6.91
228,Sacramento,US,2022-04-29 01:26:47,38.4666,-121.3177,72.61,44,0,14.97
229,Zomba,MW,2022-04-29 01:31:44,-15.386,35.3188,59.16,91,95,5.12
230,Bhadra,IN,2022-04-29 01:31:45,29.1167,75.1667,90.19,10,1,6.55
231,Sinnamary,GF,2022-04-29 01:31:45,5.3833,-52.95,77.97,87,87,11.43
232,Bengkulu,ID,2022-04-29 01:28:32,-3.8004,102.2655,80.1,77,95,3.22
233,Loreto,MX,2022-04-29 01:31:46,22.2667,-101.9667,73.74,24,43,2.26
234,Loanda,AO,2022-04-29 01:29:37,-8.8368,13.2343,76.03,92,100,12.17
235,San Cristobal,VE,2022-04-29 01:29:17,7.7669,-72.225,69.98,93,99,0.51
236,Languyan,PH,2022-04-29 01:31:47,5.2618,120.0807,86.07,71,100,8.3
237,Saint-Joseph,RE,2022-04-29 01:31:47,-21.3667,55.6167,73.2,77,24,8.48
238,Toora-Khem,RU,2022-04-29 01:31:48,52.4675,96.11,48.99,43,48,2.01
239,Kaz,RU,2022-04-29 01:31:48,52.9113,87.3105,54.61,48,98,3.56
240,Tombouctou,ML,2022-04-29 01:31:49,20.0,-3.0,77.59,12,0,4.34
241,Reconquista,AR,2022-04-29 01:31:49,-29.15,-59.65,56.66,77,0,9.53
242,Koulikoro,ML,2022-04-29 01:31:50,14.0,-7.75,81.54,22,80,8.88
243,Grindavik,IS,2022-04-29 01:31:50,63.8424,-22.4338,48.15,93,75,11.5
244,Codrington,AU,2022-04-29 01:31:13,-38.2667,141.9667,70.5,51,100,16.75
245,Padang,ID,2022-04-29 01:31:51,-0.9492,100.3543,80.65,73,99,0.47
246,Dunedin,NZ,2022-04-29 01:31:51,-45.8742,170.5036,57.79,68,0,3.15
247,Pacific Grove,US,2022-04-29 01:23:51,36.6177,-121.9166,63.55,71,0,11.5
248,Chokurdakh,RU,2022-04-29 01:31:52,70.6333,147.9167,8.06,88,47,4.45
249,Wanning,CN,2022-04-29 01:31:53,18.8003,110.3967,85.73,72,100,6.31
250,Eyl,SO,2022-04-29 01:31:53,7.9803,49.8164,81.77,77,11,2.95
251,Merauke,ID,2022-04-29 01:31:54,-8.4667,140.3333,84.49,71,100,7.87
252,Seda,LV,2022-04-29 01:31:54,57.65,25.75,36.05,93,100,8.25
253,Tavda,RU,2022-04-29 01:31:55,58.0425,65.2726,40.41,74,84,9.75
254,Alofi,NU,2022-04-29 01:31:55,-19.0595,-169.9187,82.29,78,100,16.11
255,Sisimiut,GL,2022-04-29 01:31:56,66.9395,-53.6735,23.65,96,100,2.57
256,Maumere,ID,2022-04-29 01:31:56,-8.6199,122.2111,84.13,69,75,2.73
257,Hamilton,US,2022-04-29 01:30:01,39.1834,-84.5333,58.73,52,100,9.22
258,Leh,IN,2022-04-29 01:31:57,34.1667,77.5833,40.5,76,99,3.51
259,Abha,SA,2022-04-29 01:31:57,18.2164,42.5053,57.02,62,0,0.0
260,Yerbogachen,RU,2022-04-29 01:31:58,61.2767,108.0108,42.62,69,62,10.89
261,Hede,CN,2022-04-29 01:31:58,33.7681,120.2517,58.24,62,86,11.65
262,Mahebourg,MU,2022-04-29 01:31:59,-20.4081,57.7,74.25,94,20,4.61
263,Santa Rosa,PH,2022-04-29 01:31:59,14.3122,121.1114,91.38,70,93,14.9
264,Hualmay,PE,2022-04-29 01:32:00,-11.0964,-77.6139,66.0,90,75,6.49
265,Senador Jose Porfirio,BR,2022-04-29 01:32:00,-2.5908,-51.9542,74.39,97,100,2.24
266,Ketchikan,US,2022-04-29 01:32:00,55.3422,-131.6461,55.87,44,100,8.05
267,Port Macquarie,AU,2022-04-29 01:23:54,-31.4333,152.9167,77.9,67,12,10.92
268,Tecoanapa,MX,2022-04-29 01:32:01,16.5167,-98.75,81.1,70,0,5.01
269,Kudahuvadhoo,MV,2022-04-29 01:32:01,2.6708,72.8944,85.01,71,93,9.08
270,Saint Austell,GB,2022-04-29 01:32:02,50.3383,-4.7658,48.76,93,73,3.44
271,Ust-Nera,RU,2022-04-29 01:31:11,64.5667,143.2,20.82,76,17,5.28
272,Margate,GB,2022-04-29 01:33:03,51.3813,1.3862,48.31,79,100,5.01
273,Tibu,CO,2022-04-29 01:33:03,8.639,-72.7358,73.54,99,100,2.01
274,Puerto Madero,MX,2022-04-29 01:33:04,14.7208,-92.4215,84.4,74,40,5.75
275,Buala,SB,2022-04-29 01:33:05,-8.145,159.5921,85.69,69,100,4.09
276,Broome,US,2022-04-29 01:33:05,42.2506,-75.833,39.58,42,0,8.05
277,Lebu,CL,2022-04-29 01:33:05,-37.6167,-73.65,48.54,80,1,16.37
278,Brae,GB,2022-04-29 01:33:06,60.3964,-1.353,44.8,81,94,5.68
279,Cidreira,BR,2022-04-29 01:33:07,-30.1811,-50.2056,66.27,86,100,7.58
280,Camabatela,AO,2022-04-29 01:33:07,-8.1881,15.375,62.87,97,100,2.82
281,Nandi Hills,KE,2022-04-29 01:33:08,0.1066,35.1838,58.08,97,100,3.02
282,Peniche,PT,2022-04-29 01:33:08,39.3558,-9.3811,57.29,92,6,10.09
283,Baijiantan,CN,2022-04-29 01:24:22,45.6333,85.1833,58.75,28,0,5.06
284,Vila Velha,BR,2022-04-29 01:33:09,-20.3297,-40.2925,76.95,93,20,4.61
285,Maarianhamina,AX,2022-04-29 01:33:09,60.0973,19.9348,28.26,93,0,2.3
286,Shwebo,MM,2022-04-29 01:33:10,22.5667,95.7,97.25,19,2,2.06
287,Deputatskiy,RU,2022-04-29 01:33:10,69.3,139.9,15.21,81,81,3.0
288,Yinchuan,CN,2022-04-29 01:33:11,38.4681,106.2731,61.7,23,100,9.26
289,Kaiyuan,CN,2022-04-29 01:33:11,23.6977,103.3037,79.66,46,7,4.25
290,Khawhai,IN,2022-04-29 01:33:12,23.3667,93.1167,77.22,35,0,1.66
291,Sangareddi,IN,2022-04-29 01:33:13,17.6294,78.0917,75.52,27,5,9.69
292,Inhambane,MZ,2022-04-29 01:31:24,-23.865,35.3833,68.43,81,3,4.07
293,Itacoatiara,BR,2022-04-29 01:33:13,-3.1431,-58.4442,75.78,95,100,2.3
294,Angoche,MZ,2022-04-29 01:33:14,-16.2325,39.9086,73.62,80,72,10.85
295,Sobolevo,RU,2022-04-29 01:33:14,54.4299,31.8996,32.52,64,20,3.49
296,Loa Janan,ID,2022-04-29 01:33:15,-0.583,117.095,81.72,84,100,1.66
297,Saint-Augustin,CA,2022-04-29 01:33:15,51.226,-58.6502,33.93,98,100,16.46
298,Nicosia,CY,2022-04-29 01:30:18,35.1667,33.3667,62.64,62,20,8.05
299,Sorong,ID,2022-04-29 01:33:16,-0.8833,131.25,82.51,74,100,8.14
300,Vestmannaeyjar,IS,2022-04-29 01:33:16,63.4427,-20.2734,46.0,84,100,1.92
301,Severo-Kurilsk,RU,2022-04-29 01:29:41,50.6789,156.125,35.22,91,91,16.4
302,Olga,RU,2022-04-29 01:33:17,43.7444,135.2892,54.01,32,100,6.55
303,Iskenderun,TR,2022-04-29 01:33:17,36.5872,36.1735,59.83,60,0,2.21
304,Carahue,CL,2022-04-29 01:32:03,-38.7,-73.1667,42.28,96,10,1.28
305,Beringovskiy,RU,2022-04-29 01:33:18,63.05,179.3167,27.81,84,99,14.99
306,Buckeye,US,2022-04-29 01:31:13,33.3703,-112.5838,88.41,12,0,11.5
307,Novosheshminsk,RU,2022-04-29 01:33:19,55.0651,51.2338,34.45,74,6,4.47
308,Zemio,CF,2022-04-29 01:33:19,5.0314,25.1361,67.89,98,95,2.93
309,Kassala,SD,2022-04-29 01:33:20,15.451,36.4,80.82,23,0,5.53
310,Casablanca,MA,2022-04-29 01:31:20,33.5928,-7.6192,59.22,76,1,7.74
311,Korla,CN,2022-04-29 01:33:20,41.7597,86.1469,55.47,41,54,2.39
312,Denizli,TR,2022-04-29 01:33:21,37.8402,29.0698,62.98,64,43,1.99
313,Wollongong,AU,2022-04-29 01:33:21,-34.4333,150.8833,78.26,73,49,4.0
314,Carutapera,BR,2022-04-29 01:33:22,-1.195,-46.02,75.04,95,99,5.35
315,Mahajanga,MG,2022-04-29 01:33:22,-15.7167,46.3167,73.42,88,20,4.61
316,Banjar,ID,2022-04-29 01:33:23,-8.19,114.9675,86.43,71,76,5.08
317,Zonguldak,TR,2022-04-29 01:33:23,41.25,31.8333,44.94,96,0,1.66
318,Sydney Mines,CA,2022-04-29 01:34:24,46.2367,-60.2177,42.82,93,100,8.99
319,Vincennes,FR,2022-04-29 01:30:04,48.85,2.4333,55.92,68,0,8.05
320,Labuhan,ID,2022-04-29 01:34:25,-6.8844,112.2051,83.57,78,100,2.62
321,Palmer,US,2022-04-29 01:34:25,42.1584,-72.3287,46.24,32,0,14.97
322,Kavieng,PG,2022-04-29 01:34:26,-2.5744,150.7967,86.31,64,31,6.08
323,Nara,JP,2022-04-29 01:34:26,34.6851,135.8049,67.37,75,100,9.89
324,Mitchell,US,2022-04-29 01:34:27,43.7094,-98.0298,55.38,70,20,14.97
325,Vanimo,PG,2022-04-29 01:34:28,-2.6741,141.3028,87.19,62,100,4.12
326,Haines Junction,CA,2022-04-29 01:34:28,60.7522,-137.5108,42.75,75,79,4.61
327,Mlonggo,ID,2022-04-29 01:34:29,-6.5333,110.7,83.53,77,94,2.19
328,Huilong,CN,2022-04-29 01:34:29,31.8111,121.655,57.92,79,100,16.8
329,Sangin,AF,2022-04-29 01:34:30,32.0728,64.8359,79.09,22,0,5.59
330,Amudat,UG,2022-04-29 01:34:30,1.95,34.95,65.61,90,100,0.78
331,Clyde River,CA,2022-04-29 01:32:39,70.4692,-68.5914,1.63,92,75,5.75
332,Vestmanna,FO,2022-04-29 01:34:31,62.1564,-7.1664,40.12,87,100,1.14
333,Caetite,BR,2022-04-29 01:34:31,-14.0694,-42.475,65.12,72,11,6.04
334,Karratha,AU,2022-04-29 01:34:31,-20.7377,116.8463,74.46,73,100,15.97
335,Kawalu,ID,2022-04-29 01:34:32,-7.3817,108.2082,82.72,72,71,1.34
336,Cristalina,BR,2022-04-29 01:34:32,-16.7686,-47.6136,65.71,64,58,3.71
337,Camocim,BR,2022-04-29 01:34:33,-2.9022,-40.8411,77.0,88,68,7.49
338,Rocky Mountain House,CA,2022-04-29 01:34:33,52.3668,-114.9188,48.31,29,91,1.14
339,Chifeng,CN,2022-04-29 01:34:34,42.2683,118.9636,57.56,33,100,6.71
340,Ilek,RU,2022-04-29 01:34:34,51.5271,53.3831,46.96,77,2,10.4
341,Coromandel,BR,2022-04-29 01:34:35,-18.4733,-47.2003,69.93,62,99,3.8
342,Cap Malheureux,MU,2022-04-29 01:34:35,-19.9842,57.6142,74.46,78,12,1.01
343,Xuddur,SO,2022-04-29 01:34:36,4.1213,43.8894,74.25,81,100,9.35
344,Warsaw,PL,2022-04-29 01:31:37,52.2298,21.0118,49.82,78,0,2.3
345,Del Rio,US,2022-04-29 01:34:37,29.3627,-100.8968,86.02,47,0,14.97
346,Ilebo,CD,2022-04-29 01:34:37,-4.3167,20.5833,70.23,99,100,1.95
347,Saskylakh,RU,2022-04-29 01:34:38,71.9167,114.0833,21.6,82,100,8.16
348,Port-Cartier,CA,2022-04-29 01:34:05,50.0334,-66.8654,32.76,78,100,16.49
349,San Jose,US,2022-04-29 01:31:58,37.3394,-121.895,62.85,53,20,13.8
350,Touros,BR,2022-04-29 01:34:38,-5.1989,-35.4608,77.14,89,91,10.18
351,Hami,CN,2022-04-29 01:34:39,42.8,93.45,59.88,21,84,14.05
352,Olafsvik,IS,2022-04-29 01:34:39,64.8945,-23.7142,45.68,92,100,9.53
353,Oussouye,SN,2022-04-29 01:34:40,12.485,-16.5469,73.58,73,0,7.7
354,Kuching,MY,2022-04-29 01:34:40,1.55,110.3333,82.62,83,20,7.0
355,Shimoda,JP,2022-04-29 01:34:41,34.6667,138.95,59.36,85,100,15.19
356,Morro Bay,US,2022-04-29 01:34:41,35.3658,-120.8499,68.18,68,0,11.99
357,Cortez,US,2022-04-29 01:34:42,37.3489,-108.5859,68.76,9,0,12.66
358,Lata,PT,2022-04-29 01:34:42,40.1629,-8.3327,54.07,85,28,4.18
359,Maneadero,MX,2022-04-29 01:34:43,31.7167,-116.5667,60.1,72,3,3.0
360,Borovoy,RU,2022-04-29 01:34:43,55.4333,86.0833,56.68,57,100,10.78
361,Buri,BR,2022-04-29 01:34:44,-23.7975,-48.5928,67.1,86,31,1.63
362,Kropotkin,RU,2022-04-29 01:34:44,45.4375,40.5756,55.53,78,99,13.53
363,Jalor,IN,2022-04-29 01:34:44,25.35,72.6167,82.2,46,0,6.53
364,Loandjili,CG,2022-04-29 01:34:45,-4.7561,11.8578,77.11,94,40,3.44
365,Coahuayana,MX,2022-04-29 01:35:46,18.7333,-103.6833,74.41,81,0,2.44
366,Jiazi,CN,2022-04-29 01:35:46,22.8779,116.067,83.48,69,11,2.91
367,Muroran,JP,2022-04-29 01:35:47,42.3172,140.9881,47.57,50,100,8.88
368,Nishihara,JP,2022-04-29 01:35:47,26.1842,127.7558,82.45,89,75,21.85
369,Edremit,TR,2022-04-29 01:35:48,39.5961,27.0244,60.55,55,0,20.71
370,Los Llanos De Aridane,ES,2022-04-29 01:35:49,28.6585,-17.9182,62.35,91,40,11.5
371,Amantea,IT,2022-04-29 01:35:49,39.1332,16.0746,60.15,54,100,6.91
372,Beidao,CN,2022-04-29 01:35:49,34.5686,105.8933,50.79,82,100,2.42
373,Turukhansk,RU,2022-04-29 01:35:50,65.8167,87.9833,33.78,98,100,5.57
374,Esperance,AU,2022-04-29 01:35:50,-33.8667,121.9,57.04,67,82,10.78
375,Nyzhnya Krynka,UA,2022-04-29 01:35:51,48.1135,38.1606,55.58,62,100,3.8
376,Tromso,NO,2022-04-29 01:35:51,69.6496,18.957,26.62,93,100,1.01
377,Adelaide,AU,2022-04-29 01:31:51,-34.9333,138.6,69.04,70,75,4.61
378,Zhigansk,RU,2022-04-29 01:35:52,66.7697,123.3711,26.89,93,85,12.33
379,Abu Kamal,SY,2022-04-29 01:35:52,34.4506,40.9171,71.56,50,29,6.8
380,Carolina,PR,2022-04-29 01:35:12,18.3808,-65.9574,78.69,71,40,9.22
381,Kidal,ML,2022-04-29 01:35:53,18.4411,1.4078,78.91,10,100,8.55
382,Havelock,US,2022-04-29 01:35:54,34.8791,-76.9013,60.94,60,0,3.44
383,Okhotsk,RU,2022-04-29 01:35:54,59.3833,143.3,33.98,70,100,16.8
384,Cabra,ES,2022-04-29 01:35:55,37.4725,-4.4421,50.72,83,7,3.47
385,Qasigiannguit,GL,2022-04-29 01:35:55,68.8193,-51.1922,26.85,97,100,4.07
386,Ahipara,NZ,2022-04-29 01:35:56,-35.1667,173.1667,67.01,60,39,5.86
387,Sayyan,YE,2022-04-29 01:35:56,15.1718,44.3244,59.41,58,2,2.19
388,Hobyo,SO,2022-04-29 01:35:56,5.3505,48.5268,83.21,73,46,7.27
389,Vila,PT,2022-04-29 01:35:57,42.0304,-8.1588,47.28,86,52,4.0
390,Ostrovnoy,RU,2022-04-29 01:35:58,68.0531,39.5131,15.06,86,57,19.62
391,Christchurch,NZ,2022-04-29 01:35:41,-43.5333,172.6333,64.42,69,20,10.36
392,Valkeakoski,FI,2022-04-29 01:35:58,61.2642,24.0312,28.44,94,6,5.26
393,Wajima,JP,2022-04-29 01:35:59,37.4,136.9,56.08,54,75,12.66
394,Waw,SS,2022-04-29 01:35:59,7.7029,27.9953,77.34,69,100,5.17
395,Churapcha,RU,2022-04-29 01:36:00,62.0025,132.4325,30.96,72,92,6.24
396,Simi,SL,2022-04-29 01:36:00,9.5667,-12.35,79.09,84,89,6.04
397,Hellin,ES,2022-04-29 01:34:40,38.5106,-1.701,48.29,84,22,7.09
398,Victoria Point,AU,2022-04-29 01:36:01,-27.5833,153.3,81.18,80,60,4.0
399,Manitouwadge,CA,2022-04-29 01:36:01,49.1215,-85.8403,28.94,89,59,1.95
400,Lindi,TZ,2022-04-29 01:36:02,-10.0,39.7167,69.26,95,75,6.04
401,Kharp,RU,2022-04-29 01:36:02,66.8014,65.8081,16.12,82,2,4.92
402,Kuantan,MY,2022-04-29 01:36:03,3.8077,103.326,82.51,83,20,0.0
403,Maraa,BR,2022-04-29 01:36:04,-1.8333,-65.3667,74.12,97,100,2.19
404,Loukhi,RU,2022-04-29 01:36:04,66.0764,33.0381,21.22,86,97,6.6
405,Guadalupe Y Calvo,MX,2022-04-29 01:36:05,26.1,-106.9667,50.99,25,1,3.83
406,Semirom,IR,2022-04-29 01:36:05,31.4167,51.5667,49.75,52,100,4.0
407,Kangaatsiaq,GL,2022-04-29 01:36:06,68.3065,-53.4641,24.69,91,100,2.82
408,Bonthe,SL,2022-04-29 01:36:06,7.5264,-12.505,78.94,85,100,6.02
409,Laurel,US,2022-04-29 01:32:54,39.0993,-76.8483,53.44,43,0,5.75
410,Medea,DZ,2022-04-29 01:35:21,36.2642,2.7539,48.15,96,100,3.74
411,Yakeshi,CN,2022-04-29 01:36:07,49.2833,120.7333,40.64,60,100,5.7
412,Sabha,LY,2022-04-29 01:36:08,27.0377,14.4283,68.14,39,0,10.54
413,Livingstone,ZM,2022-04-29 01:37:08,-17.8419,25.8543,57.29,92,0,3.15
414,Ardahan,TR,2022-04-29 01:37:09,41.1087,42.7022,44.91,93,100,1.39
415,Makakilo City,US,2022-04-29 01:37:09,21.3469,-158.0858,84.52,54,100,17.27
416,Roma,US,2022-04-29 01:34:20,43.2128,-75.4557,39.96,49,0,11.5
417,Mesto Albrechtice,CZ,2022-04-29 01:37:10,50.1629,17.5748,46.54,61,82,3.42
418,Rangapara,IN,2022-04-29 01:37:10,26.8167,92.65,83.28,53,0,5.5
419,Namatanai,PG,2022-04-29 01:37:11,-3.6667,152.4333,86.43,63,100,4.85
420,Linjiang,CN,2022-04-29 01:37:12,41.8069,126.9078,60.62,27,0,2.33
421,Engels,RU,2022-04-29 01:37:12,51.5,46.1167,43.47,51,11,3.0
422,Dingle,PH,2022-04-29 01:37:13,10.9995,122.6711,85.46,70,100,9.64
423,Road Town,VG,2022-04-29 01:35:54,18.4167,-64.6167,77.04,69,40,11.5
424,Riyadh,SA,2022-04-29 01:35:05,24.6877,46.7219,71.74,64,100,7.54
425,Terrace,CA,2022-04-29 01:37:14,54.5163,-128.6035,55.31,35,75,2.3
426,Banda Aceh,ID,2022-04-29 01:37:14,5.5577,95.3222,84.18,73,97,7.16
427,Mount Isa,AU,2022-04-29 01:37:15,-20.7333,139.5,87.57,48,45,10.36
428,Moorhead,US,2022-04-29 01:37:15,46.8739,-96.7676,50.02,63,0,8.05
429,Oriximina,BR,2022-04-29 01:37:16,-1.7656,-55.8661,75.88,93,100,3.56
430,Arys,KZ,2022-04-29 01:37:16,42.4252,68.795,67.35,48,100,2.19
431,Yar-Sale,RU,2022-04-29 01:37:17,66.8333,70.8333,16.86,84,100,5.61
432,Alice Springs,AU,2022-04-29 01:35:27,-23.7,133.8833,89.15,19,1,10.36
433,Carberry,CA,2022-04-29 01:37:17,49.8689,-99.3602,44.83,86,80,6.78
434,Petropavlovskoye,RU,2022-04-29 01:37:18,52.0712,84.107,59.79,45,9,5.61
435,Wanxian,CN,2022-04-29 01:37:18,30.8039,108.3897,69.93,70,100,7.49
436,Bulgan,MN,2022-04-29 01:37:19,48.8125,103.5347,39.2,34,22,0.11
437,Ladario,BR,2022-04-29 01:37:19,-19.0047,-57.6017,77.38,43,4,3.06
438,Punta Umbria,ES,2022-04-29 01:37:20,37.1821,-6.9661,58.23,65,2,11.7
439,Taoudenni,ML,2022-04-29 01:37:20,22.6783,-3.9836,81.41,11,0,6.51
440,Huarmey,PE,2022-04-29 01:37:21,-10.0681,-78.1522,66.78,89,61,7.25
441,Lagos,NG,2022-04-29 01:34:36,6.5833,3.75,80.92,83,70,1.5
442,Rincon,US,2022-04-29 01:37:21,32.296,-81.2354,68.86,55,75,5.75
443,Watsa,CD,2022-04-29 01:37:22,3.0372,29.5355,62.82,97,100,3.69
444,Srivardhan,IN,2022-04-29 01:37:22,18.0333,73.0167,82.29,82,6,2.86
445,Mugur-Aksy,RU,2022-04-29 01:37:22,50.35,90.5,38.5,31,78,2.42
446,Savalou,BJ,2022-04-29 01:37:23,7.9281,1.9756,77.2,73,68,1.63
447,Kapit,MY,2022-04-29 01:37:23,2.0167,112.9333,87.24,63,77,1.9
448,Rawson,AR,2022-04-29 01:37:24,-43.3002,-65.1023,45.59,37,1,8.39
449,Marawi,PH,2022-04-29 01:37:24,7.9986,124.2928,80.11,69,84,3.56
450,Nchelenge,ZM,2022-04-29 01:37:25,-9.3451,28.734,63.48,91,71,7.29
451,Muzhi,RU,2022-04-29 01:37:25,65.3667,64.6667,24.49,69,2,5.73
452,Fuzhou,CN,2022-04-29 01:37:26,26.0614,119.3061,78.69,65,98,1.95
453,San Cayetano,CO,2022-04-29 01:37:26,7.8771,-72.6243,77.88,94,40,9.22
454,Pathein,MM,2022-04-29 01:37:27,16.7833,94.7333,89.71,56,29,6.93
455,Rudbar,AF,2022-04-29 01:37:28,30.15,62.6,81.86,21,0,2.57
456,Choya,RU,2022-04-29 01:37:28,52.0108,86.5467,56.61,48,94,2.53
457,Warrington,GB,2022-04-29 01:33:33,53.3925,-2.5802,48.33,78,100,5.75
458,Toma,BF,2022-04-29 01:37:29,12.7667,-2.8833,86.85,42,46,5.01
459,Onguday,RU,2022-04-29 01:37:29,50.75,86.15,49.08,55,12,3.53
460,Tofield,CA,2022-04-29 01:37:30,53.3668,-112.6686,53.58,56,92,6.82
461,Mariental,NA,2022-04-29 01:37:30,-24.6333,17.9667,65.98,37,23,4.27
462,Zabaykalsk,RU,2022-04-29 01:38:30,49.6333,117.3167,42.13,35,0,10.6
463,Ranau,MY,2022-04-29 01:38:31,5.9538,116.6641,82.42,68,99,2.8
464,Hayden,US,2022-04-29 01:38:31,47.766,-116.7866,52.56,51,20,16.11
465,Bangkalan,ID,2022-04-29 01:38:32,-7.0455,112.7351,82.35,77,89,3.04
466,Panjab,AF,2022-04-29 01:38:32,34.388,67.0233,52.09,57,5,2.73
467,Sao Joao Da Barra,BR,2022-04-29 01:35:19,-21.6403,-41.0511,76.05,88,0,12.68
468,Pechora,RU,2022-04-29 01:38:33,65.1472,57.2244,23.49,79,8,7.49
469,Mubi,NG,2022-04-29 01:38:34,10.2676,13.2644,82.76,42,100,5.12
470,Pacifica,US,2022-04-29 01:37:48,37.6138,-122.4869,61.83,75,20,31.07
471,Coquimbo,CL,2022-04-29 01:38:34,-29.9533,-71.3436,56.93,94,0,8.05
472,Takoradi,GH,2022-04-29 01:38:35,4.8845,-1.7554,78.31,82,100,7.18
473,Aitape,PG,2022-04-29 01:38:35,-3.1374,142.3475,86.23,65,100,5.03
474,Tierra Blanca,HN,2022-04-29 01:38:36,14.5833,-88.5833,68.72,98,33,3.29
475,General Roca,AR,2022-04-29 01:34:54,-39.0333,-67.5833,45.63,30,53,4.59
476,Mar Del Plata,AR,2022-04-29 01:35:36,-38.0023,-57.5575,47.88,81,20,11.99
477,Atambua,ID,2022-04-29 01:38:36,-9.1061,124.8925,83.43,55,42,1.59
478,Maanshan,CN,2022-04-29 01:38:37,31.6957,118.4983,53.65,74,99,8.32
479,Port Lincoln,AU,2022-04-29 01:38:11,-34.7333,135.8667,66.47,65,100,14.92
480,Avera,US,2022-04-29 01:38:38,33.194,-82.5271,63.91,50,5,4.83
481,Koslan,RU,2022-04-29 01:38:38,63.4564,48.8989,24.31,84,60,6.62
482,Oristano,IT,2022-04-29 01:38:39,39.9,8.6,52.57,70,88,4.34
483,Acari,PE,2022-04-29 01:38:39,-15.4311,-74.6158,68.65,80,94,1.54
484,Oistins,BB,2022-04-29 01:38:31,13.0667,-59.5333,78.89,83,40,12.66
485,Guozhen,CN,2022-04-29 01:38:40,34.3659,107.359,56.66,78,100,2.17
486,Arzgir,RU,2022-04-29 01:38:40,45.3728,44.2206,56.1,63,100,7.81
487,Cabo San Lucas,MX,2022-04-29 01:38:35,22.8909,-109.9124,81.7,47,0,9.22
488,Toropets,RU,2022-04-29 01:38:41,56.4978,31.6353,31.8,61,90,5.17
489,Brookings,US,2022-04-29 01:36:36,44.3114,-96.7984,47.1,93,100,17.27
490,Tutoia,BR,2022-04-29 01:38:42,-2.7619,-42.2744,76.84,91,100,7.29
491,Saint George,US,2022-04-29 01:38:17,37.1041,-113.5841,81.19,3,0,21.85
492,Pangai,TO,2022-04-29 01:38:42,-19.8,-174.35,82.51,69,75,20.71
493,Sterling,US,2022-04-29 01:34:17,39.0062,-77.4286,52.09,45,0,8.05
494,Burnie,AU,2022-04-29 01:38:43,-41.0667,145.9167,64.92,89,100,8.59
495,Lar,IN,2022-04-29 01:38:43,26.2039,83.9717,89.64,35,0,7.78
496,Mogzon,RU,2022-04-29 01:38:44,51.7435,111.9606,40.69,35,96,10.33
497,Ponta Delgada,PT,2022-04-29 01:38:44,37.7333,-25.6667,64.51,82,75,23.02
498,Ambilobe,MG,2022-04-29 01:38:45,-13.2,49.05,72.23,95,73,3.36
499,Xining,CN,2022-04-29 01:38:46,36.6167,101.7667,42.22,84,100,6.69
500,Zyryanovsk,KZ,2022-04-29 01:38:46,49.7386,84.2719,50.79,56,1,2.68
501,Ouadda,CF,2022-04-29 01:38:47,8.0777,22.4007,68.16,90,100,2.21
502,Gat,IL,2022-04-29 01:38:04,31.61,34.7642,71.4,57,0,3.31
503,Limbang,MY,2022-04-29 01:38:48,4.75,115.0,86.11,61,79,0.45
504,Chala,TZ,2022-04-29 01:38:48,-7.5833,31.2667,55.22,98,84,3.89
505,Sabang,ID,2022-04-29 01:38:49,5.8933,95.3214,84.13,72,99,10.25
506,Tortosa,ES,2022-04-29 01:38:50,40.8125,0.5216,59.04,57,32,6.35
507,Trabzon,TR,2022-04-29 01:38:50,40.9167,39.8333,46.49,100,100,9.22
508,Kisarawe,TZ,2022-04-29 01:39:51,-6.9,39.0667,73.2,94,75,6.91
509,Kem,RU,2022-04-29 01:39:51,64.9555,34.5793,27.7,74,100,8.3
510,Lewiston,US,2022-04-29 01:39:51,44.1003,-70.2148,45.79,39,75,13.8
511,Te Anau,NZ,2022-04-29 01:39:52,-45.4167,167.7167,59.27,64,100,1.9
512,Moerai,PF,2022-04-29 01:39:52,-22.4333,-151.3333,80.08,66,0,18.12
513,Leningradskiy,RU,2022-04-29 01:39:53,69.3833,178.4167,26.4,91,100,5.37
514,Jackson,US,2022-04-29 01:39:53,42.4165,-122.8345,55.36,61,75,10.36
515,Prince Rupert,CA,2022-04-29 01:39:54,54.3161,-130.3201,48.29,76,0,14.97
516,Tahe,CN,2022-04-29 01:39:54,52.3333,124.7333,35.87,42,100,9.55
517,Antalaha,MG,2022-04-29 01:39:55,-14.9003,50.2788,72.21,87,24,8.72
518,Port Hardy,CA,2022-04-29 01:39:55,50.6996,-127.4199,51.98,66,75,5.75
519,Ballina,AU,2022-04-29 01:39:56,-28.8667,153.5667,74.79,88,40,6.91
520,Charlestown,AU,2022-04-29 01:38:40,-32.95,151.6667,79.74,75,62,4.0
521,Aguililla,MX,2022-04-29 01:39:56,18.7333,-102.7333,75.7,47,12,6.26
522,Comodoro Rivadavia,AR,2022-04-29 01:39:57,-45.8667,-67.5,37.26,52,0,5.75
523,Kupang,ID,2022-04-29 01:35:27,-10.1667,123.5833,85.12,59,99,4.38
524,Bandarbeyla,SO,2022-04-29 01:39:57,9.4942,50.8122,82.58,79,28,2.59
525,Umm Kaddadah,SD,2022-04-29 01:39:58,13.6017,26.6876,82.85,10,100,9.75
526,Ferme-Neuve,CA,2022-04-29 01:39:58,46.7001,-75.4493,32.2,66,1,8.08
527,San Onofre,CO,2022-04-29 01:39:59,9.7359,-75.5263,79.7,84,100,3.49
528,Honiara,SB,2022-04-29 01:39:59,-9.4333,159.95,86.14,69,99,3.67
529,Ezequiel Montes,MX,2022-04-29 01:40:00,20.6667,-99.8833,70.75,50,88,7.05
530,Luganville,VU,2022-04-29 01:40:00,-15.5333,167.1667,85.06,71,100,2.89
531,Praia Da Vitoria,PT,2022-04-29 01:40:01,38.7333,-27.0667,61.75,100,75,23.02
532,Lompoc,US,2022-04-29 01:40:02,34.6391,-120.4579,63.79,66,0,23.02
533,Lodja,CD,2022-04-29 01:40:02,-3.4833,23.4333,69.4,98,100,1.05
534,Asosa,ET,2022-04-29 01:40:03,10.0667,34.5333,67.06,55,8,1.48
535,Saint-Pierre,RE,2022-04-29 01:40:03,-21.3393,55.4781,74.91,75,0,8.05
536,Atikokan,CA,2022-04-29 01:36:54,48.7555,-91.6216,30.06,91,97,6.06
537,Lere,NG,2022-04-29 01:40:04,10.387,8.5726,75.92,63,97,3.91
538,Kungurtug,RU,2022-04-29 01:40:04,50.5994,97.5228,42.75,43,71,2.82
539,Jatiroto,ID,2022-04-29 01:40:05,-7.8833,111.1167,81.93,80,34,2.26
540,Altay,CN,2022-04-29 01:40:06,47.8667,88.1167,50.99,34,11,2.46
541,Linxia,CN,2022-04-29 01:40:06,35.6003,103.2064,48.16,69,100,5.53
542,Itaueira,BR,2022-04-29 01:40:07,-7.6033,-43.0256,78.96,60,100,6.8
543,Oktyabrskiy,RU,2022-04-29 01:40:07,54.4815,53.471,36.09,79,12,3.09
544,Half Moon Bay,US,2022-04-29 01:39:14,37.4636,-122.4286,60.71,68,0,31.07
545,Yatou,CN,2022-04-29 01:40:08,37.15,122.3833,55.45,55,0,16.44
546,Marsa Matruh,EG,2022-04-29 01:40:08,31.3525,27.2453,64.44,73,30,14.52
547,Supe,PE,2022-04-29 01:40:09,-10.8,-77.7333,66.07,88,73,5.5
548,Lima Duarte,BR,2022-04-29 01:40:09,-21.8425,-43.7931,63.5,86,0,3.04
549,Grong,NO,2022-04-29 01:40:10,64.4654,12.3149,28.27,98,100,3.22
550,Dubbo,AU,2022-04-29 01:40:11,-32.25,148.6167,73.53,73,100,13.8
551,Salaga,GH,2022-04-29 01:40:11,8.5508,-0.5188,79.07,61,97,1.79
552,Jamiltepec,MX,2022-04-29 01:40:12,16.2833,-97.8167,76.44,61,4,2.53
553,Chapais,CA,2022-04-29 01:41:12,49.7834,-74.8492,29.98,89,80,5.77
554,Devonport,AU,2022-04-29 01:41:13,-41.1667,146.35,66.09,93,100,8.9
555,Nantucket,US,2022-04-29 01:41:13,41.2835,-70.0995,50.11,49,100,18.41
556,Nsanje,MW,2022-04-29 01:41:14,-16.92,35.262,62.82,98,6,2.37
557,Krasnoarmeysk,RU,2022-04-29 01:41:14,51.0239,45.6969,41.88,81,5,6.53
558,High Level,CA,2022-04-29 01:41:15,58.5169,-117.136,41.11,60,75,17.27
559,Puerto Baquerizo Moreno,EC,2022-04-29 01:41:15,-0.9,-89.6,71.55,89,11,9.19
560,Pouembout,NC,2022-04-29 01:41:16,-21.1333,164.9,73.53,81,100,6.51
561,Asau,RO,2022-04-29 01:41:16,46.4333,26.4,48.96,100,100,5.64
562,Dondo,MZ,2022-04-29 01:41:17,-19.6094,34.7431,62.58,94,1,4.32
563,Durham,US,2022-04-29 01:40:15,36.0335,-78.8664,58.6,63,20,0.0
564,Invermere,CA,2022-04-29 01:39:10,50.5167,-116.0354,45.48,56,85,3.06
565,Narovchat,RU,2022-04-29 01:41:18,53.8765,43.6946,34.39,75,82,3.58
566,Moron,AR,2022-04-29 01:41:18,-34.6534,-58.6198,53.35,47,0,5.26
